name,id,smi,graph_dfs,linear_encoding,is_molecule,is_product,mod_mol,img,rdkit_mol,rdkit_svg,indigo_mol,indigo_svg,MolWt,LogP,MR,TPSA,# H acceptors,# H donors,# Rotatable bonds,# Atoms,# Bonds,# C atoms,# O atoms,# H atoms,# Atoms (no H),# Bonds (no H)
g_{49},49,O,[H][O][H],O,True,False,'g_{713}',images/mod_mol0.svg,<rdkit.Chem.rdchem.Mol object at 0x7f2a0bc0d3f0>,images/rdkit_mol0.svg,<indigo.IndigoObject object at 0x7f2a0bc6bb00>,images/indigo_mol0.svg,18.015,-0.8247,3.6138,31.5,0.0,0.0,0.0,3,2,0,1,2,1.0,0.0
g_{50},50,[H+],[H+],[H+],True,False,'g_{714}',images/mod_mol1.svg,<rdkit.Chem.rdchem.Mol object at 0x7f2a0bc0d850>,images/rdkit_mol1.svg,<indigo.IndigoObject object at 0x7f2a0bc6be80>,images/indigo_mol1.svg,1.008,0.1125,1.112,0.0,0.0,0.0,0.0,1,0,0,0,0,1.0,0.0
g_{46},46,[H-],[H-],[H-],True,False,'g_{715}',images/mod_mol2.svg,<rdkit.Chem.rdchem.Mol object at 0x7f2a0bc0db70>,images/rdkit_mol2.svg,<indigo.IndigoObject object at 0x7f2a0bc6bc88>,images/indigo_mol2.svg,1.008,0.1125,1.112,0.0,0.0,0.0,0.0,1,0,0,0,0,1.0,0.0
g_{33},33,,[AG][S][C](=[O])[C]([H])([H])[H],[AG][S][C](=[O])[C]([H])([H])[H],False,False,'g_{716}',images/mod_mol3.svg,,,,,,,,,,,,8,7,2,1,3,,
g_{27},27,,[AE][S][C](=[O])[C]([C](=[O])[O][H])([H])[H],[AE][S][C](=[O])[C]([C](=[O])[O][H])([H])[H],False,False,'g_{717}',images/mod_mol4.svg,,,,,,,,,,,,11,10,3,3,3,,
"p_{0,0}",56,,[AG][S][C](=[O])[C]([H])([H])[C](=[O])[C]([H])([H])[H],[AG][S][C](=[O])[C]([H])([H])[C](=[O])[C]([H])([H])[H],False,True,'g_{718}',images/mod_mol5.svg,,,,,,,,,,,,13,12,4,2,5,,
"p_{0,1}",57,,[AE][S][H],[AE][S][H],False,True,'g_{719}',images/mod_mol6.svg,,,,,,,,,,,,3,2,0,0,1,,
"p_{0,2}",58,O=C=O,[C](=[O])=[O],O=C=O,True,True,'g_{720}',images/mod_mol7.svg,<rdkit.Chem.rdchem.Mol object at 0x7f2a0bc0dc10>,images/rdkit_mol7.svg,<indigo.IndigoObject object at 0x7f2a0bc6ba90>,images/indigo_mol7.svg,44.009,-0.5835,5.007,34.14,2.0,0.0,0.0,3,2,1,2,0,3.0,2.0
"p_{0,3}",59,,[H][O][C]([C]([H])([H])[C]([S][AG])=[O])([C]([H])([H])[H])[H],[H][O][C]([C]([H])([H])[C]([S][AG])=[O])([C]([H])([H])[H])[H],False,True,'g_{721}',images/mod_mol8.svg,,,,,,,,,,,,15,14,4,2,7,,
"p_{0,4}",62,,[H][C](=[C]([H])[C]([S][AG])=[O])[C]([H])([H])[H],[H][C](=[C]([H])[C]([S][AG])=[O])[C]([H])([H])[H],False,True,'g_{722}',images/mod_mol9.svg,,,,,,,,,,,,12,11,4,1,5,,
"p_{0,5}",65,,[H][C]([H])([C]([H])([C]([S][AG])=[O])[H])[C]([H])([H])[H],[H][C]([H])([C]([H])([C]([S][AG])=[O])[H])[C]([H])([H])[H],False,True,'g_{723}',images/mod_mol10.svg,,,,,,,,,,,,14,13,4,1,7,,
"p_{0,6}",68,,[C]([S][AG])(=[O])[C]([H])([H])[C](=[O])[C]([H])([H])[C](=[O])[C]([H])([H])[H],[C]([S][AG])(=[O])[C]([H])([H])[C](=[O])[C]([H])([H])[C](=[O])[C]([H])([H])[H],False,True,'g_{724}',images/mod_mol11.svg,,,,,,,,,,,,18,17,6,3,7,,
"p_{0,7}",71,,[C]([S][AG])(=[O])[C]([H])([H])[C](=[O])[C]([H])([H])[C]([O][H])([C]([H])([H])[H])[H],[C]([S][AG])(=[O])[C]([H])([H])[C](=[O])[C]([H])([H])[C]([O][H])([C]([H])([H])[H])[H],False,True,'g_{725}',images/mod_mol12.svg,,,,,,,,,,,,20,19,6,3,9,,
"p_{0,8}",74,,[C]([S][AG])(=[O])[C]([H])([H])[C](=[O])[C]([H])=[C]([H])[C]([H])([H])[H],[C]([S][AG])(=[O])[C]([H])([H])[C](=[O])[C]([H])=[C]([H])[C]([H])([H])[H],False,True,'g_{726}',images/mod_mol13.svg,,,,,,,,,,,,17,16,6,2,7,,
"p_{0,9}",77,,[C]([S][AG])(=[O])[C]([H])([H])[C](=[O])[C]([H])([C]([H])([C]([H])([H])[H])[H])[H],[C]([S][AG])(=[O])[C]([H])([H])[C](=[O])[C]([H])([C]([H])([C]([H])([H])[H])[H])[H],False,True,'g_{727}',images/mod_mol14.svg,,,,,,,,,,,,19,18,6,2,9,,
"p_{0,10}",94,,[H][C]([C]([H])([H])[C]([S][AG])=[O])([O][H])[C]([H])([H])[C](=[O])[C]([H])([H])[H],[H][C]([C]([H])([H])[C]([S][AG])=[O])([O][H])[C]([H])([H])[C](=[O])[C]([H])([H])[H],False,True,'g_{728}',images/mod_mol15.svg,,,,,,,,,,,,20,19,6,3,9,,
"p_{0,11}",95,,[H][C]([C]([H])([H])[C]([S][AG])=[O])([O][H])[C]([H])([H])[C]([O][H])([C]([H])([H])[H])[H],[H][C]([C]([H])([H])[C]([S][AG])=[O])([O][H])[C]([H])([H])[C]([O][H])([C]([H])([H])[H])[H],False,True,'g_{729}',images/mod_mol16.svg,,,,,,,,,,,,22,21,6,3,11,,
"p_{0,12}",96,,[H][C]([C]([H])([H])[C]([S][AG])=[O])([O][H])[C]([H])=[C]([H])[C]([H])([H])[H],[H][C]([C]([H])([H])[C]([S][AG])=[O])([O][H])[C]([H])=[C]([H])[C]([H])([H])[H],False,True,'g_{730}',images/mod_mol17.svg,,,,,,,,,,,,19,18,6,2,9,,
"p_{0,13}",97,,[H][C]([C]([H])([H])[C]([S][AG])=[O])([O][H])[C]([H])([C]([H])([C]([H])([H])[H])[H])[H],[H][C]([C]([H])([H])[C]([S][AG])=[O])([O][H])[C]([H])([C]([H])([C]([H])([H])[H])[H])[H],False,True,'g_{731}',images/mod_mol18.svg,,,,,,,,,,,,21,20,6,2,11,,
"p_{0,14}",102,,[H][C](=[C]([H])[C]([S][AG])=[O])[C]([H])([H])[C](=[O])[C]([H])([H])[H],[H][C](=[C]([H])[C]([S][AG])=[O])[C]([H])([H])[C](=[O])[C]([H])([H])[H],False,True,'g_{732}',images/mod_mol19.svg,,,,,,,,,,,,17,16,6,2,7,,
"p_{0,15}",106,,[H][C](=[C]([H])[C]([S][AG])=[O])[C]([H])([H])[C]([O][H])([C]([H])([H])[H])[H],[H][C](=[C]([H])[C]([S][AG])=[O])[C]([H])([H])[C]([O][H])([C]([H])([H])[H])[H],False,True,'g_{733}',images/mod_mol20.svg,,,,,,,,,,,,19,18,6,2,9,,
"p_{0,16}",110,,[H][C](=[C]([H])[C]([S][AG])=[O])[C]([H])=[C]([H])[C]([H])([H])[H],[H][C](=[C]([H])[C]([S][AG])=[O])[C]([H])=[C]([H])[C]([H])([H])[H],False,True,'g_{734}',images/mod_mol21.svg,,,,,,,,,,,,16,15,6,1,7,,
"p_{0,17}",114,,[H][C](=[C]([H])[C]([S][AG])=[O])[C]([H])([C]([H])([C]([H])([H])[H])[H])[H],[H][C](=[C]([H])[C]([S][AG])=[O])[C]([H])([C]([H])([C]([H])([H])[H])[H])[H],False,True,'g_{735}',images/mod_mol22.svg,,,,,,,,,,,,18,17,6,1,9,,
"p_{0,18}",118,,[H][C]([H])([C]([H])([C]([S][AG])=[O])[H])[C]([H])([H])[C](=[O])[C]([H])([H])[H],[H][C]([H])([C]([H])([C]([S][AG])=[O])[H])[C]([H])([H])[C](=[O])[C]([H])([H])[H],False,True,'g_{736}',images/mod_mol23.svg,,,,,,,,,,,,19,18,6,2,9,,
"p_{0,19}",119,,[H][C]([H])([C]([H])([C]([S][AG])=[O])[H])[C]([H])([H])[C]([O][H])([C]([H])([H])[H])[H],[H][C]([H])([C]([H])([C]([S][AG])=[O])[H])[C]([H])([H])[C]([O][H])([C]([H])([H])[H])[H],False,True,'g_{737}',images/mod_mol24.svg,,,,,,,,,,,,21,20,6,2,11,,
"p_{0,20}",120,,[H][C]([H])([C]([H])([C]([S][AG])=[O])[H])[C]([H])=[C]([H])[C]([H])([H])[H],[H][C]([H])([C]([H])([C]([S][AG])=[O])[H])[C]([H])=[C]([H])[C]([H])([H])[H],False,True,'g_{738}',images/mod_mol25.svg,,,,,,,,,,,,18,17,6,1,9,,
"p_{0,21}",121,,[H][C]([H])([C]([H])([C]([S][AG])=[O])[H])[C]([H])([C]([H])([C]([H])([H])[H])[H])[H],[H][C]([H])([C]([H])([C]([S][AG])=[O])[H])[C]([H])([C]([H])([C]([H])([H])[H])[H])[H],False,True,'g_{739}',images/mod_mol26.svg,,,,,,,,,,,,20,19,6,1,11,,
"p_{0,22}",139,,[C]([S][AG])(=[O])[C]([H])([H])[C](=[O])[C]([H])([H])[C](=[O])[C]([H])([H])[C](=[O])[C]([H])([H])[H],[C]([S][AG])(=[O])[C]([H])([H])[C](=[O])[C]([H])([H])[C](=[O])[C]([H])([H])[C](=[O])[C]([H])([H])[H],False,True,'g_{740}',images/mod_mol27.svg,,,,,,,,,,,,23,22,8,4,9,,
"p_{0,23}",142,,[C]([S][AG])(=[O])[C]([H])([H])[C](=[O])[C]([H])([H])[C](=[O])[C]([H])([H])[C]([O][H])([C]([H])([H])[H])[H],[C]([S][AG])(=[O])[C]([H])([H])[C](=[O])[C]([H])([H])[C](=[O])[C]([H])([H])[C]([O][H])([C]([H])([H])[H])[H],False,True,'g_{741}',images/mod_mol28.svg,,,,,,,,,,,,25,24,8,4,11,,
"p_{0,24}",145,,[C]([S][AG])(=[O])[C]([H])([H])[C](=[O])[C]([H])([H])[C](=[O])[C]([H])=[C]([H])[C]([H])([H])[H],[C]([S][AG])(=[O])[C]([H])([H])[C](=[O])[C]([H])([H])[C](=[O])[C]([H])=[C]([H])[C]([H])([H])[H],False,True,'g_{742}',images/mod_mol29.svg,,,,,,,,,,,,22,21,8,3,9,,
"p_{0,25}",148,,[C]([S][AG])(=[O])[C]([H])([H])[C](=[O])[C]([H])([H])[C](=[O])[C]([H])([C]([H])([C]([H])([H])[H])[H])[H],[C]([S][AG])(=[O])[C]([H])([H])[C](=[O])[C]([H])([H])[C](=[O])[C]([H])([C]([H])([C]([H])([H])[H])[H])[H],False,True,'g_{743}',images/mod_mol30.svg,,,,,,,,,,,,24,23,8,3,11,,
"p_{0,26}",151,,[C]([S][AG])(=[O])[C]([H])([H])[C](=[O])[C]([H])([H])[C]([O][H])([C]([H])([H])[C](=[O])[C]([H])([H])[H])[H],[C]([S][AG])(=[O])[C]([H])([H])[C](=[O])[C]([H])([H])[C]([O][H])([C]([H])([H])[C](=[O])[C]([H])([H])[H])[H],False,True,'g_{744}',images/mod_mol31.svg,,,,,,,,,,,,25,24,8,4,11,,
"p_{0,27}",154,,[C]([S][AG])(=[O])[C]([H])([H])[C](=[O])[C]([H])([H])[C]([O][H])([C]([H])([H])[C]([O][H])([C]([H])([H])[H])[H])[H],[C]([S][AG])(=[O])[C]([H])([H])[C](=[O])[C]([H])([H])[C]([O][H])([C]([H])([H])[C]([O][H])([C]([H])([H])[H])[H])[H],False,True,'g_{745}',images/mod_mol32.svg,,,,,,,,,,,,27,26,8,4,13,,
"p_{0,28}",157,,[C]([S][AG])(=[O])[C]([H])([H])[C](=[O])[C]([H])([H])[C]([O][H])([C]([H])=[C]([H])[C]([H])([H])[H])[H],[C]([S][AG])(=[O])[C]([H])([H])[C](=[O])[C]([H])([H])[C]([O][H])([C]([H])=[C]([H])[C]([H])([H])[H])[H],False,True,'g_{746}',images/mod_mol33.svg,,,,,,,,,,,,24,23,8,3,11,,
"p_{0,29}",160,,[C]([S][AG])(=[O])[C]([H])([H])[C](=[O])[C]([H])([H])[C]([O][H])([C]([H])([C]([H])([C]([H])([H])[H])[H])[H])[H],[C]([S][AG])(=[O])[C]([H])([H])[C](=[O])[C]([H])([H])[C]([O][H])([C]([H])([C]([H])([C]([H])([H])[H])[H])[H])[H],False,True,'g_{747}',images/mod_mol34.svg,,,,,,,,,,,,26,25,8,3,13,,
"p_{0,30}",163,,[C]([S][AG])(=[O])[C]([H])([H])[C](=[O])[C]([H])=[C]([H])[C]([H])([H])[C](=[O])[C]([H])([H])[H],[C]([S][AG])(=[O])[C]([H])([H])[C](=[O])[C]([H])=[C]([H])[C]([H])([H])[C](=[O])[C]([H])([H])[H],False,True,'g_{748}',images/mod_mol35.svg,,,,,,,,,,,,22,21,8,3,9,,
"p_{0,31}",166,,[C]([S][AG])(=[O])[C]([H])([H])[C](=[O])[C]([H])=[C]([H])[C]([H])([H])[C]([O][H])([C]([H])([H])[H])[H],[C]([S][AG])(=[O])[C]([H])([H])[C](=[O])[C]([H])=[C]([H])[C]([H])([H])[C]([O][H])([C]([H])([H])[H])[H],False,True,'g_{749}',images/mod_mol36.svg,,,,,,,,,,,,24,23,8,3,11,,
"p_{0,32}",169,,[C]([S][AG])(=[O])[C]([H])([H])[C](=[O])[C]([H])=[C]([H])[C]([H])=[C]([H])[C]([H])([H])[H],[C]([S][AG])(=[O])[C]([H])([H])[C](=[O])[C]([H])=[C]([H])[C]([H])=[C]([H])[C]([H])([H])[H],False,True,'g_{750}',images/mod_mol37.svg,,,,,,,,,,,,21,20,8,2,9,,
"p_{0,33}",172,,[C]([S][AG])(=[O])[C]([H])([H])[C](=[O])[C]([H])=[C]([H])[C]([H])([C]([H])([C]([H])([H])[H])[H])[H],[C]([S][AG])(=[O])[C]([H])([H])[C](=[O])[C]([H])=[C]([H])[C]([H])([C]([H])([C]([H])([H])[H])[H])[H],False,True,'g_{751}',images/mod_mol38.svg,,,,,,,,,,,,23,22,8,2,11,,
"p_{0,34}",175,,[C]([S][AG])(=[O])[C]([H])([H])[C](=[O])[C]([H])([C]([H])([C]([H])([H])[C](=[O])[C]([H])([H])[H])[H])[H],[C]([S][AG])(=[O])[C]([H])([H])[C](=[O])[C]([H])([C]([H])([C]([H])([H])[C](=[O])[C]([H])([H])[H])[H])[H],False,True,'g_{752}',images/mod_mol39.svg,,,,,,,,,,,,24,23,8,3,11,,
"p_{0,35}",178,,[C]([S][AG])(=[O])[C]([H])([H])[C](=[O])[C]([H])([C]([H])([C]([H])([H])[C]([O][H])([C]([H])([H])[H])[H])[H])[H],[C]([S][AG])(=[O])[C]([H])([H])[C](=[O])[C]([H])([C]([H])([C]([H])([H])[C]([O][H])([C]([H])([H])[H])[H])[H])[H],False,True,'g_{753}',images/mod_mol40.svg,,,,,,,,,,,,26,25,8,3,13,,
"p_{0,36}",181,,[C]([S][AG])(=[O])[C]([H])([H])[C](=[O])[C]([H])([C]([H])([C]([H])=[C]([H])[C]([H])([H])[H])[H])[H],[C]([S][AG])(=[O])[C]([H])([H])[C](=[O])[C]([H])([C]([H])([C]([H])=[C]([H])[C]([H])([H])[H])[H])[H],False,True,'g_{754}',images/mod_mol41.svg,,,,,,,,,,,,23,22,8,2,11,,
"p_{0,37}",184,,[C]([S][AG])(=[O])[C]([H])([H])[C](=[O])[C]([H])([C]([H])([C]([H])([C]([H])([C]([H])([H])[H])[H])[H])[H])[H],[C]([S][AG])(=[O])[C]([H])([H])[C](=[O])[C]([H])([C]([H])([C]([H])([C]([H])([C]([H])([H])[H])[H])[H])[H])[H],False,True,'g_{755}',images/mod_mol42.svg,,,,,,,,,,,,25,24,8,2,13,,
"p_{0,38}",249,,[H][C]([C]([H])([H])[C]([S][AG])=[O])([O][H])[C]([H])([H])[C](=[O])[C]([H])([H])[C](=[O])[C]([H])([H])[H],[H][C]([C]([H])([H])[C]([S][AG])=[O])([O][H])[C]([H])([H])[C](=[O])[C]([H])([H])[C](=[O])[C]([H])([H])[H],False,True,'g_{756}',images/mod_mol43.svg,,,,,,,,,,,,25,24,8,4,11,,
"p_{0,39}",250,,[H][C]([C]([H])([H])[C]([S][AG])=[O])([O][H])[C]([H])([H])[C](=[O])[C]([H])([H])[C]([O][H])([C]([H])([H])[H])[H],[H][C]([C]([H])([H])[C]([S][AG])=[O])([O][H])[C]([H])([H])[C](=[O])[C]([H])([H])[C]([O][H])([C]([H])([H])[H])[H],False,True,'g_{757}',images/mod_mol44.svg,,,,,,,,,,,,27,26,8,4,13,,
"p_{0,40}",251,,[H][C]([C]([H])([H])[C]([S][AG])=[O])([O][H])[C]([H])([H])[C](=[O])[C]([H])=[C]([H])[C]([H])([H])[H],[H][C]([C]([H])([H])[C]([S][AG])=[O])([O][H])[C]([H])([H])[C](=[O])[C]([H])=[C]([H])[C]([H])([H])[H],False,True,'g_{758}',images/mod_mol45.svg,,,,,,,,,,,,24,23,8,3,11,,
"p_{0,41}",252,,[H][C]([C]([H])([H])[C]([S][AG])=[O])([O][H])[C]([H])([H])[C](=[O])[C]([H])([C]([H])([C]([H])([H])[H])[H])[H],[H][C]([C]([H])([H])[C]([S][AG])=[O])([O][H])[C]([H])([H])[C](=[O])[C]([H])([C]([H])([C]([H])([H])[H])[H])[H],False,True,'g_{759}',images/mod_mol46.svg,,,,,,,,,,,,26,25,8,3,13,,
"p_{0,42}",253,,[H][C]([C]([H])([H])[C]([S][AG])=[O])([O][H])[C]([H])([H])[C]([O][H])([C]([H])([H])[C](=[O])[C]([H])([H])[H])[H],[H][C]([C]([H])([H])[C]([S][AG])=[O])([O][H])[C]([H])([H])[C]([O][H])([C]([H])([H])[C](=[O])[C]([H])([H])[H])[H],False,True,'g_{760}',images/mod_mol47.svg,,,,,,,,,,,,27,26,8,4,13,,
"p_{0,43}",254,,[H][C]([C]([H])([H])[C]([S][AG])=[O])([O][H])[C]([H])([H])[C]([O][H])([C]([H])([H])[C]([O][H])([C]([H])([H])[H])[H])[H],[H][C]([C]([H])([H])[C]([S][AG])=[O])([O][H])[C]([H])([H])[C]([O][H])([C]([H])([H])[C]([O][H])([C]([H])([H])[H])[H])[H],False,True,'g_{761}',images/mod_mol48.svg,,,,,,,,,,,,29,28,8,4,15,,
"p_{0,44}",255,,[H][C]([C]([H])([H])[C]([S][AG])=[O])([O][H])[C]([H])([H])[C]([O][H])([C]([H])=[C]([H])[C]([H])([H])[H])[H],[H][C]([C]([H])([H])[C]([S][AG])=[O])([O][H])[C]([H])([H])[C]([O][H])([C]([H])=[C]([H])[C]([H])([H])[H])[H],False,True,'g_{762}',images/mod_mol49.svg,,,,,,,,,,,,26,25,8,3,13,,
"p_{0,45}",256,,[H][C]([C]([H])([H])[C]([S][AG])=[O])([O][H])[C]([H])([H])[C]([O][H])([C]([H])([C]([H])([C]([H])([H])[H])[H])[H])[H],[H][C]([C]([H])([H])[C]([S][AG])=[O])([O][H])[C]([H])([H])[C]([O][H])([C]([H])([C]([H])([C]([H])([H])[H])[H])[H])[H],False,True,'g_{763}',images/mod_mol50.svg,,,,,,,,,,,,28,27,8,3,15,,
"p_{0,46}",257,,[H][C]([C]([H])([H])[C]([S][AG])=[O])([O][H])[C]([H])=[C]([H])[C]([H])([H])[C](=[O])[C]([H])([H])[H],[H][C]([C]([H])([H])[C]([S][AG])=[O])([O][H])[C]([H])=[C]([H])[C]([H])([H])[C](=[O])[C]([H])([H])[H],False,True,'g_{764}',images/mod_mol51.svg,,,,,,,,,,,,24,23,8,3,11,,
"p_{0,47}",258,,[H][C]([C]([H])([H])[C]([S][AG])=[O])([O][H])[C]([H])=[C]([H])[C]([H])([H])[C]([O][H])([C]([H])([H])[H])[H],[H][C]([C]([H])([H])[C]([S][AG])=[O])([O][H])[C]([H])=[C]([H])[C]([H])([H])[C]([O][H])([C]([H])([H])[H])[H],False,True,'g_{765}',images/mod_mol52.svg,,,,,,,,,,,,26,25,8,3,13,,
"p_{0,48}",259,,[H][C]([C]([H])([H])[C]([S][AG])=[O])([O][H])[C]([H])=[C]([H])[C]([H])=[C]([H])[C]([H])([H])[H],[H][C]([C]([H])([H])[C]([S][AG])=[O])([O][H])[C]([H])=[C]([H])[C]([H])=[C]([H])[C]([H])([H])[H],False,True,'g_{766}',images/mod_mol53.svg,,,,,,,,,,,,23,22,8,2,11,,
"p_{0,49}",260,,[H][C]([C]([H])([H])[C]([S][AG])=[O])([O][H])[C]([H])=[C]([H])[C]([H])([C]([H])([C]([H])([H])[H])[H])[H],[H][C]([C]([H])([H])[C]([S][AG])=[O])([O][H])[C]([H])=[C]([H])[C]([H])([C]([H])([C]([H])([H])[H])[H])[H],False,True,'g_{767}',images/mod_mol54.svg,,,,,,,,,,,,25,24,8,2,13,,
"p_{0,50}",261,,[H][C]([C]([H])([H])[C]([S][AG])=[O])([O][H])[C]([H])([C]([H])([C]([H])([H])[C](=[O])[C]([H])([H])[H])[H])[H],[H][C]([C]([H])([H])[C]([S][AG])=[O])([O][H])[C]([H])([C]([H])([C]([H])([H])[C](=[O])[C]([H])([H])[H])[H])[H],False,True,'g_{768}',images/mod_mol55.svg,,,,,,,,,,,,26,25,8,3,13,,
"p_{0,51}",262,,[H][C]([C]([H])([H])[C]([S][AG])=[O])([O][H])[C]([H])([C]([H])([C]([H])([H])[C]([O][H])([C]([H])([H])[H])[H])[H])[H],[H][C]([C]([H])([H])[C]([S][AG])=[O])([O][H])[C]([H])([C]([H])([C]([H])([H])[C]([O][H])([C]([H])([H])[H])[H])[H])[H],False,True,'g_{769}',images/mod_mol56.svg,,,,,,,,,,,,28,27,8,3,15,,
"p_{0,52}",263,,[H][C]([C]([H])([H])[C]([S][AG])=[O])([O][H])[C]([H])([C]([H])([C]([H])=[C]([H])[C]([H])([H])[H])[H])[H],[H][C]([C]([H])([H])[C]([S][AG])=[O])([O][H])[C]([H])([C]([H])([C]([H])=[C]([H])[C]([H])([H])[H])[H])[H],False,True,'g_{770}',images/mod_mol57.svg,,,,,,,,,,,,25,24,8,2,13,,
"p_{0,53}",264,,[H][C]([C]([H])([H])[C]([S][AG])=[O])([O][H])[C]([H])([C]([H])([C]([H])([C]([H])([C]([H])([H])[H])[H])[H])[H])[H],[H][C]([C]([H])([H])[C]([S][AG])=[O])([O][H])[C]([H])([C]([H])([C]([H])([C]([H])([C]([H])([H])[H])[H])[H])[H])[H],False,True,'g_{771}',images/mod_mol58.svg,,,,,,,,,,,,27,26,8,2,15,,
"p_{0,54}",281,,[H][C](=[C]([H])[C]([S][AG])=[O])[C]([H])([H])[C](=[O])[C]([H])([H])[C](=[O])[C]([H])([H])[H],[H][C](=[C]([H])[C]([S][AG])=[O])[C]([H])([H])[C](=[O])[C]([H])([H])[C](=[O])[C]([H])([H])[H],False,True,'g_{772}',images/mod_mol59.svg,,,,,,,,,,,,22,21,8,3,9,,
"p_{0,55}",285,,[H][C](=[C]([H])[C]([S][AG])=[O])[C]([H])([H])[C](=[O])[C]([H])([H])[C]([O][H])([C]([H])([H])[H])[H],[H][C](=[C]([H])[C]([S][AG])=[O])[C]([H])([H])[C](=[O])[C]([H])([H])[C]([O][H])([C]([H])([H])[H])[H],False,True,'g_{773}',images/mod_mol60.svg,,,,,,,,,,,,24,23,8,3,11,,
"p_{0,56}",289,,[H][C](=[C]([H])[C]([S][AG])=[O])[C]([H])([H])[C](=[O])[C]([H])=[C]([H])[C]([H])([H])[H],[H][C](=[C]([H])[C]([S][AG])=[O])[C]([H])([H])[C](=[O])[C]([H])=[C]([H])[C]([H])([H])[H],False,True,'g_{774}',images/mod_mol61.svg,,,,,,,,,,,,21,20,8,2,9,,
"p_{0,57}",293,,[H][C](=[C]([H])[C]([S][AG])=[O])[C]([H])([H])[C](=[O])[C]([H])([C]([H])([C]([H])([H])[H])[H])[H],[H][C](=[C]([H])[C]([S][AG])=[O])[C]([H])([H])[C](=[O])[C]([H])([C]([H])([C]([H])([H])[H])[H])[H],False,True,'g_{775}',images/mod_mol62.svg,,,,,,,,,,,,23,22,8,2,11,,
"p_{0,58}",297,,[H][C](=[C]([H])[C]([S][AG])=[O])[C]([H])([H])[C]([O][H])([C]([H])([H])[C](=[O])[C]([H])([H])[H])[H],[H][C](=[C]([H])[C]([S][AG])=[O])[C]([H])([H])[C]([O][H])([C]([H])([H])[C](=[O])[C]([H])([H])[H])[H],False,True,'g_{776}',images/mod_mol63.svg,,,,,,,,,,,,24,23,8,3,11,,
"p_{0,59}",301,,[H][C](=[C]([H])[C]([S][AG])=[O])[C]([H])([H])[C]([O][H])([C]([H])([H])[C]([O][H])([C]([H])([H])[H])[H])[H],[H][C](=[C]([H])[C]([S][AG])=[O])[C]([H])([H])[C]([O][H])([C]([H])([H])[C]([O][H])([C]([H])([H])[H])[H])[H],False,True,'g_{777}',images/mod_mol64.svg,,,,,,,,,,,,26,25,8,3,13,,
"p_{0,60}",305,,[H][C](=[C]([H])[C]([S][AG])=[O])[C]([H])([H])[C]([O][H])([C]([H])=[C]([H])[C]([H])([H])[H])[H],[H][C](=[C]([H])[C]([S][AG])=[O])[C]([H])([H])[C]([O][H])([C]([H])=[C]([H])[C]([H])([H])[H])[H],False,True,'g_{778}',images/mod_mol65.svg,,,,,,,,,,,,23,22,8,2,11,,
"p_{0,61}",309,,[H][C](=[C]([H])[C]([S][AG])=[O])[C]([H])([H])[C]([O][H])([C]([H])([C]([H])([C]([H])([H])[H])[H])[H])[H],[H][C](=[C]([H])[C]([S][AG])=[O])[C]([H])([H])[C]([O][H])([C]([H])([C]([H])([C]([H])([H])[H])[H])[H])[H],False,True,'g_{779}',images/mod_mol66.svg,,,,,,,,,,,,25,24,8,2,13,,
"p_{0,62}",313,,[H][C](=[C]([H])[C]([S][AG])=[O])[C]([H])=[C]([H])[C]([H])([H])[C](=[O])[C]([H])([H])[H],[H][C](=[C]([H])[C]([S][AG])=[O])[C]([H])=[C]([H])[C]([H])([H])[C](=[O])[C]([H])([H])[H],False,True,'g_{780}',images/mod_mol67.svg,,,,,,,,,,,,21,20,8,2,9,,
"p_{0,63}",317,,[H][C](=[C]([H])[C]([S][AG])=[O])[C]([H])=[C]([H])[C]([H])([H])[C]([O][H])([C]([H])([H])[H])[H],[H][C](=[C]([H])[C]([S][AG])=[O])[C]([H])=[C]([H])[C]([H])([H])[C]([O][H])([C]([H])([H])[H])[H],False,True,'g_{781}',images/mod_mol68.svg,,,,,,,,,,,,23,22,8,2,11,,
"p_{0,64}",321,,[H][C](=[C]([H])[C]([S][AG])=[O])[C]([H])=[C]([H])[C]([H])=[C]([H])[C]([H])([H])[H],[H][C](=[C]([H])[C]([S][AG])=[O])[C]([H])=[C]([H])[C]([H])=[C]([H])[C]([H])([H])[H],False,True,'g_{782}',images/mod_mol69.svg,,,,,,,,,,,,20,19,8,1,9,,
"p_{0,65}",325,,[H][C](=[C]([H])[C]([S][AG])=[O])[C]([H])=[C]([H])[C]([H])([C]([H])([C]([H])([H])[H])[H])[H],[H][C](=[C]([H])[C]([S][AG])=[O])[C]([H])=[C]([H])[C]([H])([C]([H])([C]([H])([H])[H])[H])[H],False,True,'g_{783}',images/mod_mol70.svg,,,,,,,,,,,,22,21,8,1,11,,
"p_{0,66}",329,,[H][C](=[C]([H])[C]([S][AG])=[O])[C]([H])([C]([H])([C]([H])([H])[C](=[O])[C]([H])([H])[H])[H])[H],[H][C](=[C]([H])[C]([S][AG])=[O])[C]([H])([C]([H])([C]([H])([H])[C](=[O])[C]([H])([H])[H])[H])[H],False,True,'g_{784}',images/mod_mol71.svg,,,,,,,,,,,,23,22,8,2,11,,
"p_{0,67}",333,,[H][C](=[C]([H])[C]([S][AG])=[O])[C]([H])([C]([H])([C]([H])([H])[C]([O][H])([C]([H])([H])[H])[H])[H])[H],[H][C](=[C]([H])[C]([S][AG])=[O])[C]([H])([C]([H])([C]([H])([H])[C]([O][H])([C]([H])([H])[H])[H])[H])[H],False,True,'g_{785}',images/mod_mol72.svg,,,,,,,,,,,,25,24,8,2,13,,
"p_{0,68}",337,,[H][C](=[C]([H])[C]([S][AG])=[O])[C]([H])([C]([H])([C]([H])=[C]([H])[C]([H])([H])[H])[H])[H],[H][C](=[C]([H])[C]([S][AG])=[O])[C]([H])([C]([H])([C]([H])=[C]([H])[C]([H])([H])[H])[H])[H],False,True,'g_{786}',images/mod_mol73.svg,,,,,,,,,,,,22,21,8,1,11,,
"p_{0,69}",341,,[H][C](=[C]([H])[C]([S][AG])=[O])[C]([H])([C]([H])([C]([H])([C]([H])([C]([H])([H])[H])[H])[H])[H])[H],[H][C](=[C]([H])[C]([S][AG])=[O])[C]([H])([C]([H])([C]([H])([C]([H])([C]([H])([H])[H])[H])[H])[H])[H],False,True,'g_{787}',images/mod_mol74.svg,,,,,,,,,,,,24,23,8,1,13,,
"p_{0,70}",345,,[H][C]([H])([C]([H])([C]([S][AG])=[O])[H])[C]([H])([H])[C](=[O])[C]([H])([H])[C](=[O])[C]([H])([H])[H],[H][C]([H])([C]([H])([C]([S][AG])=[O])[H])[C]([H])([H])[C](=[O])[C]([H])([H])[C](=[O])[C]([H])([H])[H],False,True,'g_{788}',images/mod_mol75.svg,,,,,,,,,,,,24,23,8,3,11,,
"p_{0,71}",346,,[H][C]([H])([C]([H])([C]([S][AG])=[O])[H])[C]([H])([H])[C](=[O])[C]([H])([H])[C]([O][H])([C]([H])([H])[H])[H],[H][C]([H])([C]([H])([C]([S][AG])=[O])[H])[C]([H])([H])[C](=[O])[C]([H])([H])[C]([O][H])([C]([H])([H])[H])[H],False,True,'g_{789}',images/mod_mol76.svg,,,,,,,,,,,,26,25,8,3,13,,
"p_{0,72}",347,,[H][C]([H])([C]([H])([C]([S][AG])=[O])[H])[C]([H])([H])[C](=[O])[C]([H])=[C]([H])[C]([H])([H])[H],[H][C]([H])([C]([H])([C]([S][AG])=[O])[H])[C]([H])([H])[C](=[O])[C]([H])=[C]([H])[C]([H])([H])[H],False,True,'g_{790}',images/mod_mol77.svg,,,,,,,,,,,,23,22,8,2,11,,
"p_{0,73}",348,,[H][C]([H])([C]([H])([C]([S][AG])=[O])[H])[C]([H])([H])[C](=[O])[C]([H])([C]([H])([C]([H])([H])[H])[H])[H],[H][C]([H])([C]([H])([C]([S][AG])=[O])[H])[C]([H])([H])[C](=[O])[C]([H])([C]([H])([C]([H])([H])[H])[H])[H],False,True,'g_{791}',images/mod_mol78.svg,,,,,,,,,,,,25,24,8,2,13,,
"p_{0,74}",349,,[H][C]([H])([C]([H])([C]([S][AG])=[O])[H])[C]([H])([H])[C]([O][H])([C]([H])([H])[C](=[O])[C]([H])([H])[H])[H],[H][C]([H])([C]([H])([C]([S][AG])=[O])[H])[C]([H])([H])[C]([O][H])([C]([H])([H])[C](=[O])[C]([H])([H])[H])[H],False,True,'g_{792}',images/mod_mol79.svg,,,,,,,,,,,,26,25,8,3,13,,
"p_{0,75}",350,,[H][C]([H])([C]([H])([C]([S][AG])=[O])[H])[C]([H])([H])[C]([O][H])([C]([H])([H])[C]([O][H])([C]([H])([H])[H])[H])[H],[H][C]([H])([C]([H])([C]([S][AG])=[O])[H])[C]([H])([H])[C]([O][H])([C]([H])([H])[C]([O][H])([C]([H])([H])[H])[H])[H],False,True,'g_{793}',images/mod_mol80.svg,,,,,,,,,,,,28,27,8,3,15,,
"p_{0,76}",351,,[H][C]([H])([C]([H])([C]([S][AG])=[O])[H])[C]([H])([H])[C]([O][H])([C]([H])=[C]([H])[C]([H])([H])[H])[H],[H][C]([H])([C]([H])([C]([S][AG])=[O])[H])[C]([H])([H])[C]([O][H])([C]([H])=[C]([H])[C]([H])([H])[H])[H],False,True,'g_{794}',images/mod_mol81.svg,,,,,,,,,,,,25,24,8,2,13,,
"p_{0,77}",352,,[H][C]([H])([C]([H])([C]([S][AG])=[O])[H])[C]([H])([H])[C]([O][H])([C]([H])([C]([H])([C]([H])([H])[H])[H])[H])[H],[H][C]([H])([C]([H])([C]([S][AG])=[O])[H])[C]([H])([H])[C]([O][H])([C]([H])([C]([H])([C]([H])([H])[H])[H])[H])[H],False,True,'g_{795}',images/mod_mol82.svg,,,,,,,,,,,,27,26,8,2,15,,
"p_{0,78}",353,,[H][C]([H])([C]([H])([C]([S][AG])=[O])[H])[C]([H])=[C]([H])[C]([H])([H])[C](=[O])[C]([H])([H])[H],[H][C]([H])([C]([H])([C]([S][AG])=[O])[H])[C]([H])=[C]([H])[C]([H])([H])[C](=[O])[C]([H])([H])[H],False,True,'g_{796}',images/mod_mol83.svg,,,,,,,,,,,,23,22,8,2,11,,
"p_{0,79}",354,,[H][C]([H])([C]([H])([C]([S][AG])=[O])[H])[C]([H])=[C]([H])[C]([H])([H])[C]([O][H])([C]([H])([H])[H])[H],[H][C]([H])([C]([H])([C]([S][AG])=[O])[H])[C]([H])=[C]([H])[C]([H])([H])[C]([O][H])([C]([H])([H])[H])[H],False,True,'g_{797}',images/mod_mol84.svg,,,,,,,,,,,,25,24,8,2,13,,
"p_{0,80}",355,,[H][C]([H])([C]([H])([C]([S][AG])=[O])[H])[C]([H])=[C]([H])[C]([H])=[C]([H])[C]([H])([H])[H],[H][C]([H])([C]([H])([C]([S][AG])=[O])[H])[C]([H])=[C]([H])[C]([H])=[C]([H])[C]([H])([H])[H],False,True,'g_{798}',images/mod_mol85.svg,,,,,,,,,,,,22,21,8,1,11,,
"p_{0,81}",356,,[H][C]([H])([C]([H])([C]([S][AG])=[O])[H])[C]([H])=[C]([H])[C]([H])([C]([H])([C]([H])([H])[H])[H])[H],[H][C]([H])([C]([H])([C]([S][AG])=[O])[H])[C]([H])=[C]([H])[C]([H])([C]([H])([C]([H])([H])[H])[H])[H],False,True,'g_{799}',images/mod_mol86.svg,,,,,,,,,,,,24,23,8,1,13,,
"p_{0,82}",357,,[H][C]([H])([C]([H])([C]([S][AG])=[O])[H])[C]([H])([C]([H])([C]([H])([H])[C](=[O])[C]([H])([H])[H])[H])[H],[H][C]([H])([C]([H])([C]([S][AG])=[O])[H])[C]([H])([C]([H])([C]([H])([H])[C](=[O])[C]([H])([H])[H])[H])[H],False,True,'g_{800}',images/mod_mol87.svg,,,,,,,,,,,,25,24,8,2,13,,
"p_{0,83}",358,,[H][C]([H])([C]([H])([C]([S][AG])=[O])[H])[C]([H])([C]([H])([C]([H])([H])[C]([O][H])([C]([H])([H])[H])[H])[H])[H],[H][C]([H])([C]([H])([C]([S][AG])=[O])[H])[C]([H])([C]([H])([C]([H])([H])[C]([O][H])([C]([H])([H])[H])[H])[H])[H],False,True,'g_{801}',images/mod_mol88.svg,,,,,,,,,,,,27,26,8,2,15,,
"p_{0,84}",359,,[H][C]([H])([C]([H])([C]([S][AG])=[O])[H])[C]([H])([C]([H])([C]([H])=[C]([H])[C]([H])([H])[H])[H])[H],[H][C]([H])([C]([H])([C]([S][AG])=[O])[H])[C]([H])([C]([H])([C]([H])=[C]([H])[C]([H])([H])[H])[H])[H],False,True,'g_{802}',images/mod_mol89.svg,,,,,,,,,,,,24,23,8,1,13,,
"p_{0,85}",360,,[H][C]([H])([C]([H])([C]([S][AG])=[O])[H])[C]([H])([C]([H])([C]([H])([C]([H])([C]([H])([H])[H])[H])[H])[H])[H],[H][C]([H])([C]([H])([C]([S][AG])=[O])[H])[C]([H])([C]([H])([C]([H])([C]([H])([C]([H])([H])[H])[H])[H])[H])[H],False,True,'g_{803}',images/mod_mol90.svg,,,,,,,,,,,,26,25,8,1,15,,
"p_{0,86}",377,,[H][S][AG],[H][S][AG],False,True,'g_{804}',images/mod_mol91.svg,,,,,,,,,,,,3,2,0,0,1,,
"p_{0,87}",378,CC(CC(O)=O)=O,[O]([H])[C]([C]([H])([H])[C](=[O])[C]([H])([H])[H])=[O],CC(CC(O)=O)=O,True,True,'g_{805}',images/mod_mol92.svg,<rdkit.Chem.rdchem.Mol object at 0x7f2a0bc0dcb0>,images/rdkit_mol92.svg,<indigo.IndigoObject object at 0x7f2a0bc6bcf8>,images/indigo_mol92.svg,102.08899999999998,0.05009999999999998,22.933799999999994,54.37,2.0,1.0,2.0,13,12,4,3,6,7.0,6.0
"p_{0,88}",382,CC(O)CC(O)=O,[O]([H])[C]([C]([H])([H])[C]([O][H])([C]([H])([H])[H])[H])=[O],CC(O)CC(O)=O,True,True,'g_{806}',images/mod_mol93.svg,<rdkit.Chem.rdchem.Mol object at 0x7f2a0bc0dd50>,images/rdkit_mol93.svg,<indigo.IndigoObject object at 0x7f29fd5c9dd8>,images/indigo_mol93.svg,104.10499999999999,-0.15810000000000018,23.933599999999995,57.53,2.0,2.0,2.0,15,14,4,3,8,7.0,6.0
"p_{0,89}",386,CC=CC(O)=O,[O]([H])[C]([C]([H])=[C]([H])[C]([H])([H])[H])=[O],CC=CC(O)=O,True,True,'g_{807}',images/mod_mol94.svg,<rdkit.Chem.rdchem.Mol object at 0x7f2a0bc0ddf0>,images/rdkit_mol94.svg,<indigo.IndigoObject object at 0x7f29fd4e0080>,images/indigo_mol94.svg,86.08999999999999,0.6471,22.449799999999993,37.3,1.0,1.0,1.0,12,11,4,2,6,6.0,5.0
"p_{0,90}",390,CCCC(O)=O,[O]([H])[C]([C]([H])([C]([H])([C]([H])([H])[H])[H])[H])=[O],CCCC(O)=O,True,True,'g_{808}',images/mod_mol95.svg,<rdkit.Chem.rdchem.Mol object at 0x7f2a0bc0de90>,images/rdkit_mol95.svg,<indigo.IndigoObject object at 0x7f29fd4e0208>,images/indigo_mol95.svg,88.10599999999998,0.8711,22.543799999999994,37.3,1.0,1.0,2.0,14,13,4,2,8,6.0,5.0
"p_{0,91}",394,CC(CC(CC(O)=O)=O)=O,[O]([H])[C]([C]([H])([H])[C](=[O])[C]([H])([H])[C](=[O])[C]([H])([H])[H])=[O],CC(CC(CC(O)=O)=O)=O,True,True,'g_{809}',images/mod_mol96.svg,<rdkit.Chem.rdchem.Mol object at 0x7f2a0bc0df30>,images/rdkit_mol96.svg,<indigo.IndigoObject object at 0x7f29fd4e0048>,images/indigo_mol96.svg,144.12599999999998,0.009299999999999808,32.55779999999999,71.44,3.0,1.0,4.0,18,17,6,4,8,10.0,9.0
"p_{0,92}",398,CC(O)CC(CC(O)=O)=O,[O]([H])[C]([C]([H])([H])[C](=[O])[C]([H])([H])[C]([O][H])([C]([H])([H])[H])[H])=[O],CC(O)CC(CC(O)=O)=O,True,True,'g_{810}',images/mod_mol97.svg,<rdkit.Chem.rdchem.Mol object at 0x7f2a0bc0d710>,images/rdkit_mol97.svg,<indigo.IndigoObject object at 0x7f29fd4e02e8>,images/indigo_mol97.svg,146.142,-0.19890000000000013,33.55759999999999,74.6,3.0,2.0,4.0,20,19,6,4,10,10.0,9.0
"p_{0,93}",402,CC=CC(CC(O)=O)=O,[O]([H])[C]([C]([H])([H])[C](=[O])[C]([H])=[C]([H])[C]([H])([H])[H])=[O],CC=CC(CC(O)=O)=O,True,True,'g_{811}',images/mod_mol98.svg,<rdkit.Chem.rdchem.Mol object at 0x7f2a0bc0d6c0>,images/rdkit_mol98.svg,<indigo.IndigoObject object at 0x7f29fd4e0198>,images/indigo_mol98.svg,128.12699999999998,0.6063000000000001,32.07379999999999,54.37,2.0,1.0,3.0,17,16,6,3,8,9.0,8.0
"p_{0,94}",406,CCCC(CC(O)=O)=O,[O]([H])[C]([C]([H])([H])[C](=[O])[C]([H])([C]([H])([C]([H])([H])[H])[H])[H])=[O],CCCC(CC(O)=O)=O,True,True,'g_{812}',images/mod_mol99.svg,<rdkit.Chem.rdchem.Mol object at 0x7f2a0bc0d120>,images/rdkit_mol99.svg,<indigo.IndigoObject object at 0x7f29fd4e02b0>,images/indigo_mol99.svg,130.14299999999997,0.8303,32.167799999999986,54.37,2.0,1.0,4.0,19,18,6,3,10,9.0,8.0
"p_{0,95}",410,CC(CC(O)CC(O)=O)=O,[O]([H])[C]([C]([H])([H])[C]([O][H])([C]([H])([H])[C](=[O])[C]([H])([H])[H])[H])=[O],CC(CC(O)CC(O)=O)=O,True,True,'g_{813}',images/mod_mol100.svg,<rdkit.Chem.rdchem.Mol object at 0x7f2a0bc0d080>,images/rdkit_mol100.svg,<indigo.IndigoObject object at 0x7f29fd4e0160>,images/indigo_mol100.svg,146.142,-0.19890000000000013,33.55759999999999,74.6,3.0,2.0,4.0,20,19,6,4,10,10.0,9.0
"p_{0,96}",414,CC(O)CC(O)CC(O)=O,[O]([H])[C]([C]([H])([H])[C]([O][H])([C]([H])([H])[C]([O][H])([C]([H])([H])[H])[H])[H])=[O],CC(O)CC(O)CC(O)=O,True,True,'g_{814}',images/mod_mol101.svg,<rdkit.Chem.rdchem.Mol object at 0x7f2a0bc0d1c0>,images/rdkit_mol101.svg,<indigo.IndigoObject object at 0x7f29fd4e0390>,images/indigo_mol101.svg,148.158,-0.4071000000000001,34.55739999999999,77.75999999999999,3.0,3.0,4.0,22,21,6,4,12,10.0,9.0
"p_{0,97}",418,CC=CC(O)CC(O)=O,[O]([H])[C]([C]([H])([H])[C]([O][H])([C]([H])=[C]([H])[C]([H])([H])[H])[H])=[O],CC=CC(O)CC(O)=O,True,True,'g_{815}',images/mod_mol102.svg,<rdkit.Chem.rdchem.Mol object at 0x7f2a0bc0d210>,images/rdkit_mol102.svg,<indigo.IndigoObject object at 0x7f29fd4e01d0>,images/indigo_mol102.svg,130.143,0.3981,33.07359999999999,57.53,2.0,2.0,3.0,19,18,6,3,10,9.0,8.0
"p_{0,98}",422,CCCC(O)CC(O)=O,[O]([H])[C]([C]([H])([H])[C]([O][H])([C]([H])([C]([H])([C]([H])([H])[H])[H])[H])[H])=[O],CCCC(O)CC(O)=O,True,True,'g_{816}',images/mod_mol103.svg,<rdkit.Chem.rdchem.Mol object at 0x7f2a0bc0d530>,images/rdkit_mol103.svg,<indigo.IndigoObject object at 0x7f29fd4e0358>,images/indigo_mol103.svg,132.159,0.6221,33.167599999999986,57.53,2.0,2.0,4.0,21,20,6,3,12,9.0,8.0
"p_{0,99}",426,CC(CC=CC(O)=O)=O,[O]([H])[C]([C]([H])=[C]([H])[C]([H])([H])[C](=[O])[C]([H])([H])[H])=[O],CC(CC=CC(O)=O)=O,True,True,'g_{817}',images/mod_mol104.svg,<rdkit.Chem.rdchem.Mol object at 0x7f2a0bc0d760>,images/rdkit_mol104.svg,<indigo.IndigoObject object at 0x7f29fd4e03c8>,images/indigo_mol104.svg,128.12699999999998,0.6063000000000001,32.07379999999999,54.37,2.0,1.0,3.0,17,16,6,3,8,9.0,8.0
"p_{0,100}",430,CC(O)CC=CC(O)=O,[O]([H])[C]([C]([H])=[C]([H])[C]([H])([H])[C]([O][H])([C]([H])([H])[H])[H])=[O],CC(O)CC=CC(O)=O,True,True,'g_{818}',images/mod_mol105.svg,<rdkit.Chem.rdchem.Mol object at 0x7f2a0bc0d940>,images/rdkit_mol105.svg,<indigo.IndigoObject object at 0x7f29fd4e0400>,images/indigo_mol105.svg,130.14299999999997,0.3980999999999999,33.07359999999999,57.53,2.0,2.0,3.0,19,18,6,3,10,9.0,8.0
"p_{0,101}",434,CC=CC=CC(O)=O,[O]([H])[C]([C]([H])=[C]([H])[C]([H])=[C]([H])[C]([H])([H])[H])=[O],CC=CC=CC(O)=O,True,True,'g_{819}',images/mod_mol106.svg,<rdkit.Chem.rdchem.Mol object at 0x7f2a0bc0d9e0>,images/rdkit_mol106.svg,<indigo.IndigoObject object at 0x7f29fd4e0518>,images/indigo_mol106.svg,112.12799999999999,1.2033,31.589799999999986,37.3,1.0,1.0,2.0,16,15,6,2,8,8.0,7.0
"p_{0,102}",438,CCCC=CC(O)=O,[O]([H])[C]([C]([H])=[C]([H])[C]([H])([C]([H])([C]([H])([H])[H])[H])[H])=[O],CCCC=CC(O)=O,True,True,'g_{820}',images/mod_mol107.svg,<rdkit.Chem.rdchem.Mol object at 0x7f2a0bc0da80>,images/rdkit_mol107.svg,<indigo.IndigoObject object at 0x7f29fd4e04e0>,images/indigo_mol107.svg,114.14399999999998,1.4273,31.683799999999987,37.3,1.0,1.0,3.0,18,17,6,2,10,8.0,7.0
"p_{0,103}",442,CC(CCCC(O)=O)=O,[O]([H])[C]([C]([H])([C]([H])([C]([H])([H])[C](=[O])[C]([H])([H])[H])[H])[H])=[O],CC(CCCC(O)=O)=O,True,True,'g_{821}',images/mod_mol108.svg,<rdkit.Chem.rdchem.Mol object at 0x7f2a0bc0db20>,images/rdkit_mol108.svg,<indigo.IndigoObject object at 0x7f29fd4e0588>,images/indigo_mol108.svg,130.143,0.8303,32.167799999999986,54.37,2.0,1.0,4.0,19,18,6,3,10,9.0,8.0
"p_{0,104}",446,CC(O)CCCC(O)=O,[O]([H])[C]([C]([H])([C]([H])([C]([H])([H])[C]([O][H])([C]([H])([H])[H])[H])[H])[H])=[O],CC(O)CCCC(O)=O,True,True,'g_{822}',images/mod_mol109.svg,<rdkit.Chem.rdchem.Mol object at 0x7f2a0bc0dbc0>,images/rdkit_mol109.svg,<indigo.IndigoObject object at 0x7f29fd4e04a8>,images/indigo_mol109.svg,132.159,0.6221,33.167599999999986,57.53,2.0,2.0,4.0,21,20,6,3,12,9.0,8.0
"p_{0,105}",450,CC=CCCC(O)=O,[O]([H])[C]([C]([H])([C]([H])([C]([H])=[C]([H])[C]([H])([H])[H])[H])[H])=[O],CC=CCCC(O)=O,True,True,'g_{823}',images/mod_mol110.svg,<rdkit.Chem.rdchem.Mol object at 0x7f2a0bc0dc60>,images/rdkit_mol110.svg,<indigo.IndigoObject object at 0x7f29fd4e0550>,images/indigo_mol110.svg,114.14399999999999,1.4273,31.683799999999987,37.3,1.0,1.0,3.0,18,17,6,2,10,8.0,7.0
"p_{0,106}",454,CCCCCC(O)=O,[O]([H])[C]([C]([H])([C]([H])([C]([H])([C]([H])([C]([H])([H])[H])[H])[H])[H])[H])=[O],CCCCCC(O)=O,True,True,'g_{824}',images/mod_mol111.svg,<rdkit.Chem.rdchem.Mol object at 0x7f2a0bc0dd00>,images/rdkit_mol111.svg,<indigo.IndigoObject object at 0x7f29fd4e0240>,images/indigo_mol111.svg,116.15999999999998,1.6513,31.77779999999998,37.3,1.0,1.0,4.0,20,19,6,2,12,8.0,7.0
"p_{0,107}",458,CC(CC(CC(CC(O)=O)=O)=O)=O,[O]([H])[C]([C]([H])([H])[C](=[O])[C]([H])([H])[C](=[O])[C]([H])([H])[C](=[O])[C]([H])([H])[H])=[O],CC(CC(CC(CC(O)=O)=O)=O)=O,True,True,'g_{825}',images/mod_mol112.svg,<rdkit.Chem.rdchem.Mol object at 0x7f2a0bc0dda0>,images/rdkit_mol112.svg,<indigo.IndigoObject object at 0x7f29fd4e00f0>,images/indigo_mol112.svg,186.16299999999998,-0.03150000000000014,42.18180000000001,88.50999999999999,4.0,1.0,6.0,23,22,8,5,10,13.0,12.0
"p_{0,108}",462,CC(O)CC(CC(CC(O)=O)=O)=O,[O]([H])[C]([C]([H])([H])[C](=[O])[C]([H])([H])[C](=[O])[C]([H])([H])[C]([O][H])([C]([H])([H])[H])[H])=[O],CC(O)CC(CC(CC(O)=O)=O)=O,True,True,'g_{826}',images/mod_mol113.svg,<rdkit.Chem.rdchem.Mol object at 0x7f2a0bc0de40>,images/rdkit_mol113.svg,<indigo.IndigoObject object at 0x7f29fd4e0278>,images/indigo_mol113.svg,188.179,-0.2397000000000003,43.18160000000001,91.66999999999999,4.0,2.0,6.0,25,24,8,5,12,13.0,12.0
"p_{0,109}",466,CC=CC(CC(CC(O)=O)=O)=O,[O]([H])[C]([C]([H])([H])[C](=[O])[C]([H])([H])[C](=[O])[C]([H])=[C]([H])[C]([H])([H])[H])=[O],CC=CC(CC(CC(O)=O)=O)=O,True,True,'g_{827}',images/mod_mol114.svg,<rdkit.Chem.rdchem.Mol object at 0x7f2a0bc0dee0>,images/rdkit_mol114.svg,<indigo.IndigoObject object at 0x7f29fd4e06a0>,images/indigo_mol114.svg,170.164,0.5654999999999999,41.69780000000001,71.44,3.0,1.0,5.0,22,21,8,4,10,12.0,11.0
"p_{0,110}",470,CCCC(CC(CC(O)=O)=O)=O,[O]([H])[C]([C]([H])([H])[C](=[O])[C]([H])([H])[C](=[O])[C]([H])([C]([H])([C]([H])([H])[H])[H])[H])=[O],CCCC(CC(CC(O)=O)=O)=O,True,True,'g_{828}',images/mod_mol115.svg,<rdkit.Chem.rdchem.Mol object at 0x7f2a0bc0df80>,images/rdkit_mol115.svg,<indigo.IndigoObject object at 0x7f29fd4e0710>,images/indigo_mol115.svg,172.17999999999998,0.7894999999999999,41.79180000000001,71.44,3.0,1.0,6.0,24,23,8,4,12,12.0,11.0
"p_{0,111}",474,CC(CC(O)CC(CC(O)=O)=O)=O,[O]([H])[C]([C]([H])([H])[C](=[O])[C]([H])([H])[C]([O][H])([C]([H])([H])[C](=[O])[C]([H])([H])[H])[H])=[O],CC(CC(O)CC(CC(O)=O)=O)=O,True,True,'g_{829}',images/mod_mol116.svg,<rdkit.Chem.rdchem.Mol object at 0x7f2a0bc70bc0>,images/rdkit_mol116.svg,<indigo.IndigoObject object at 0x7f29fd4e05c0>,images/indigo_mol116.svg,188.179,-0.2397000000000003,43.18160000000001,91.66999999999999,4.0,2.0,6.0,25,24,8,5,12,13.0,12.0
"p_{0,112}",478,CC(O)CC(O)CC(CC(O)=O)=O,[O]([H])[C]([C]([H])([H])[C](=[O])[C]([H])([H])[C]([O][H])([C]([H])([H])[C]([O][H])([C]([H])([H])[H])[H])[H])=[O],CC(O)CC(O)CC(CC(O)=O)=O,True,True,'g_{830}',images/mod_mol117.svg,<rdkit.Chem.rdchem.Mol object at 0x7f2a0bc70f30>,images/rdkit_mol117.svg,<indigo.IndigoObject object at 0x7f29fd4e07b8>,images/indigo_mol117.svg,190.19499999999996,-0.44790000000000024,44.18140000000001,94.82999999999998,4.0,3.0,6.0,27,26,8,5,14,13.0,12.0
"p_{0,113}",482,CC=CC(O)CC(CC(O)=O)=O,[O]([H])[C]([C]([H])([H])[C](=[O])[C]([H])([H])[C]([O][H])([C]([H])=[C]([H])[C]([H])([H])[H])[H])=[O],CC=CC(O)CC(CC(O)=O)=O,True,True,'g_{831}',images/mod_mol118.svg,<rdkit.Chem.rdchem.Mol object at 0x7f2a0bc70080>,images/rdkit_mol118.svg,<indigo.IndigoObject object at 0x7f29fd4e05f8>,images/indigo_mol118.svg,172.18,0.35729999999999995,42.697600000000016,74.6,3.0,2.0,5.0,24,23,8,4,12,12.0,11.0
"p_{0,114}",486,CCCC(O)CC(CC(O)=O)=O,[O]([H])[C]([C]([H])([H])[C](=[O])[C]([H])([H])[C]([O][H])([C]([H])([C]([H])([C]([H])([H])[H])[H])[H])[H])=[O],CCCC(O)CC(CC(O)=O)=O,True,True,'g_{832}',images/mod_mol119.svg,<rdkit.Chem.rdchem.Mol object at 0x7f2a0bc70f80>,images/rdkit_mol119.svg,<indigo.IndigoObject object at 0x7f29fd4e0780>,images/indigo_mol119.svg,174.196,0.5812999999999999,42.79160000000001,74.6,3.0,2.0,6.0,26,25,8,4,14,12.0,11.0
"p_{0,115}",490,CC(CC=CC(CC(O)=O)=O)=O,[O]([H])[C]([C]([H])([H])[C](=[O])[C]([H])=[C]([H])[C]([H])([H])[C](=[O])[C]([H])([H])[H])=[O],CC(CC=CC(CC(O)=O)=O)=O,True,True,'g_{833}',images/mod_mol120.svg,<rdkit.Chem.rdchem.Mol object at 0x7f2a0bc70ee0>,images/rdkit_mol120.svg,<indigo.IndigoObject object at 0x7f29fd4e0668>,images/indigo_mol120.svg,170.164,0.5654999999999999,41.69780000000001,71.44,3.0,1.0,5.0,22,21,8,4,10,12.0,11.0
"p_{0,116}",494,CC(O)CC=CC(CC(O)=O)=O,[O]([H])[C]([C]([H])([H])[C](=[O])[C]([H])=[C]([H])[C]([H])([H])[C]([O][H])([C]([H])([H])[H])[H])=[O],CC(O)CC=CC(CC(O)=O)=O,True,True,'g_{834}',images/mod_mol121.svg,<rdkit.Chem.rdchem.Mol object at 0x7f2a0bc70d50>,images/rdkit_mol121.svg,<indigo.IndigoObject object at 0x7f29fd4e0828>,images/indigo_mol121.svg,172.17999999999998,0.3572999999999999,42.697600000000016,74.6,3.0,2.0,5.0,24,23,8,4,12,12.0,11.0
"p_{0,117}",498,CC=CC=CC(CC(O)=O)=O,[O]([H])[C]([C]([H])([H])[C](=[O])[C]([H])=[C]([H])[C]([H])=[C]([H])[C]([H])([H])[H])=[O],CC=CC=CC(CC(O)=O)=O,True,True,'g_{835}',images/mod_mol122.svg,<rdkit.Chem.rdchem.Mol object at 0x7f2a0bc70df0>,images/rdkit_mol122.svg,<indigo.IndigoObject object at 0x7f29fd4e0438>,images/indigo_mol122.svg,154.165,1.1625,41.213800000000006,54.37,2.0,1.0,4.0,21,20,8,3,10,11.0,10.0
"p_{0,118}",502,CCCC=CC(CC(O)=O)=O,[O]([H])[C]([C]([H])([H])[C](=[O])[C]([H])=[C]([H])[C]([H])([C]([H])([C]([H])([H])[H])[H])[H])=[O],CCCC=CC(CC(O)=O)=O,True,True,'g_{836}',images/mod_mol123.svg,<rdkit.Chem.rdchem.Mol object at 0x7f2a0bc70da0>,images/rdkit_mol123.svg,<indigo.IndigoObject object at 0x7f29fd4e06d8>,images/indigo_mol123.svg,156.18099999999998,1.3865,41.30780000000001,54.37,2.0,1.0,5.0,23,22,8,3,12,11.0,10.0
"p_{0,119}",506,CC(CCCC(CC(O)=O)=O)=O,[O]([H])[C]([C]([H])([H])[C](=[O])[C]([H])([C]([H])([C]([H])([H])[C](=[O])[C]([H])([H])[H])[H])[H])=[O],CC(CCCC(CC(O)=O)=O)=O,True,True,'g_{837}',images/mod_mol124.svg,<rdkit.Chem.rdchem.Mol object at 0x7f2a0bc70c10>,images/rdkit_mol124.svg,<indigo.IndigoObject object at 0x7f29fd4e07f0>,images/indigo_mol124.svg,172.17999999999998,0.7894999999999999,41.79180000000001,71.44,3.0,1.0,6.0,24,23,8,4,12,12.0,11.0
"p_{0,120}",510,CC(O)CCCC(CC(O)=O)=O,[O]([H])[C]([C]([H])([H])[C](=[O])[C]([H])([C]([H])([C]([H])([H])[C]([O][H])([C]([H])([H])[H])[H])[H])[H])=[O],CC(O)CCCC(CC(O)=O)=O,True,True,'g_{838}',images/mod_mol125.svg,<rdkit.Chem.rdchem.Mol object at 0x7f2a0bc70d00>,images/rdkit_mol125.svg,<indigo.IndigoObject object at 0x7f29fd4e0978>,images/indigo_mol125.svg,174.196,0.5812999999999999,42.79160000000001,74.6,3.0,2.0,6.0,26,25,8,4,14,12.0,11.0
"p_{0,121}",514,CC=CCCC(CC(O)=O)=O,[O]([H])[C]([C]([H])([H])[C](=[O])[C]([H])([C]([H])([C]([H])=[C]([H])[C]([H])([H])[H])[H])[H])=[O],CC=CCCC(CC(O)=O)=O,True,True,'g_{839}',images/mod_mol126.svg,<rdkit.Chem.rdchem.Mol object at 0x7f2a0bc70b70>,images/rdkit_mol126.svg,<indigo.IndigoObject object at 0x7f29fd4ee400>,images/indigo_mol126.svg,156.18099999999998,1.3865,41.30780000000001,54.37,2.0,1.0,5.0,23,22,8,3,12,11.0,10.0
"p_{0,122}",518,CCCCCC(CC(O)=O)=O,[O]([H])[C]([C]([H])([H])[C](=[O])[C]([H])([C]([H])([C]([H])([C]([H])([C]([H])([H])[H])[H])[H])[H])[H])=[O],CCCCCC(CC(O)=O)=O,True,True,'g_{840}',images/mod_mol127.svg,<rdkit.Chem.rdchem.Mol object at 0x7f2a0bc70b20>,images/rdkit_mol127.svg,<indigo.IndigoObject object at 0x7f29fd4ee860>,images/indigo_mol127.svg,158.19699999999997,1.6105,41.4018,54.37,2.0,1.0,6.0,25,24,8,3,14,11.0,10.0
"p_{0,123}",522,CC(CC(CC(O)CC(O)=O)=O)=O,[O]([H])[C]([C]([H])([H])[C]([O][H])([C]([H])([H])[C](=[O])[C]([H])([H])[C](=[O])[C]([H])([H])[H])[H])=[O],CC(CC(CC(O)CC(O)=O)=O)=O,True,True,'g_{841}',images/mod_mol128.svg,<rdkit.Chem.rdchem.Mol object at 0x7f2a0bc22030>,images/rdkit_mol128.svg,<indigo.IndigoObject object at 0x7f29fd4eed68>,images/indigo_mol128.svg,188.17899999999997,-0.2397000000000003,43.18160000000001,91.66999999999999,4.0,2.0,6.0,25,24,8,5,12,13.0,12.0
"p_{0,124}",526,CC(O)CC(CC(O)CC(O)=O)=O,[O]([H])[C]([C]([H])([H])[C]([O][H])([C]([H])([H])[C](=[O])[C]([H])([H])[C]([O][H])([C]([H])([H])[H])[H])[H])=[O],CC(O)CC(CC(O)CC(O)=O)=O,True,True,'g_{842}',images/mod_mol129.svg,<rdkit.Chem.rdchem.Mol object at 0x7f2a0bc22080>,images/rdkit_mol129.svg,<indigo.IndigoObject object at 0x7f29fd4eedd8>,images/indigo_mol129.svg,190.19499999999996,-0.44790000000000024,44.18140000000001,94.82999999999998,4.0,3.0,6.0,27,26,8,5,14,13.0,12.0
"p_{0,125}",530,CC=CC(CC(O)CC(O)=O)=O,[O]([H])[C]([C]([H])([H])[C]([O][H])([C]([H])([H])[C](=[O])[C]([H])=[C]([H])[C]([H])([H])[H])[H])=[O],CC=CC(CC(O)CC(O)=O)=O,True,True,'g_{843}',images/mod_mol130.svg,<rdkit.Chem.rdchem.Mol object at 0x7f2a0bc220d0>,images/rdkit_mol130.svg,<indigo.IndigoObject object at 0x7f29fd4eeda0>,images/indigo_mol130.svg,172.17999999999998,0.35729999999999995,42.697600000000016,74.6,3.0,2.0,5.0,24,23,8,4,12,12.0,11.0
"p_{0,126}",534,CCCC(CC(O)CC(O)=O)=O,[O]([H])[C]([C]([H])([H])[C]([O][H])([C]([H])([H])[C](=[O])[C]([H])([C]([H])([C]([H])([H])[H])[H])[H])[H])=[O],CCCC(CC(O)CC(O)=O)=O,True,True,'g_{844}',images/mod_mol131.svg,<rdkit.Chem.rdchem.Mol object at 0x7f2a0bc22120>,images/rdkit_mol131.svg,<indigo.IndigoObject object at 0x7f29fd4eee10>,images/indigo_mol131.svg,174.19599999999997,0.5812999999999999,42.79160000000001,74.6,3.0,2.0,6.0,26,25,8,4,14,12.0,11.0
"p_{0,127}",538,CC(CC(O)CC(O)CC(O)=O)=O,[O]([H])[C]([C]([H])([H])[C]([O][H])([C]([H])([H])[C]([O][H])([C]([H])([H])[C](=[O])[C]([H])([H])[H])[H])[H])=[O],CC(CC(O)CC(O)CC(O)=O)=O,True,True,'g_{845}',images/mod_mol132.svg,<rdkit.Chem.rdchem.Mol object at 0x7f2a0bc22170>,images/rdkit_mol132.svg,<indigo.IndigoObject object at 0x7f29fd4eee48>,images/indigo_mol132.svg,190.19499999999996,-0.44790000000000024,44.18140000000001,94.82999999999998,4.0,3.0,6.0,27,26,8,5,14,13.0,12.0
"p_{0,128}",542,CC(O)CC(O)CC(O)CC(O)=O,[O]([H])[C]([C]([H])([H])[C]([O][H])([C]([H])([H])[C]([O][H])([C]([H])([H])[C]([O][H])([C]([H])([H])[H])[H])[H])[H])=[O],CC(O)CC(O)CC(O)CC(O)=O,True,True,'g_{846}',images/mod_mol133.svg,<rdkit.Chem.rdchem.Mol object at 0x7f2a0bc221c0>,images/rdkit_mol133.svg,<indigo.IndigoObject object at 0x7f29fd4eee80>,images/indigo_mol133.svg,192.21099999999998,-0.6560999999999999,45.18120000000002,97.99000000000001,4.0,4.0,6.0,29,28,8,5,16,13.0,12.0
"p_{0,129}",546,CC=CC(O)CC(O)CC(O)=O,[O]([H])[C]([C]([H])([H])[C]([O][H])([C]([H])([H])[C]([O][H])([C]([H])=[C]([H])[C]([H])([H])[H])[H])[H])=[O],CC=CC(O)CC(O)CC(O)=O,True,True,'g_{847}',images/mod_mol134.svg,<rdkit.Chem.rdchem.Mol object at 0x7f2a0bc22210>,images/rdkit_mol134.svg,<indigo.IndigoObject object at 0x7f29fd4eeeb8>,images/indigo_mol134.svg,174.19599999999997,0.14910000000000007,43.69740000000001,77.75999999999999,3.0,3.0,5.0,26,25,8,4,14,12.0,11.0
"p_{0,130}",550,CCCC(O)CC(O)CC(O)=O,[O]([H])[C]([C]([H])([H])[C]([O][H])([C]([H])([H])[C]([O][H])([C]([H])([C]([H])([C]([H])([H])[H])[H])[H])[H])[H])=[O],CCCC(O)CC(O)CC(O)=O,True,True,'g_{848}',images/mod_mol135.svg,<rdkit.Chem.rdchem.Mol object at 0x7f2a0bc22260>,images/rdkit_mol135.svg,<indigo.IndigoObject object at 0x7f29fd4eeef0>,images/indigo_mol135.svg,176.21199999999996,0.37310000000000004,43.79140000000001,77.75999999999999,3.0,3.0,6.0,28,27,8,4,16,12.0,11.0
"p_{0,131}",554,CC(CC=CC(O)CC(O)=O)=O,[O]([H])[C]([C]([H])([H])[C]([O][H])([C]([H])=[C]([H])[C]([H])([H])[C](=[O])[C]([H])([H])[H])[H])=[O],CC(CC=CC(O)CC(O)=O)=O,True,True,'g_{849}',images/mod_mol136.svg,<rdkit.Chem.rdchem.Mol object at 0x7f2a0bc222b0>,images/rdkit_mol136.svg,<indigo.IndigoObject object at 0x7f29fd4eef28>,images/indigo_mol136.svg,172.17999999999998,0.35729999999999995,42.697600000000016,74.6,3.0,2.0,5.0,24,23,8,4,12,12.0,11.0
"p_{0,132}",558,CC(O)CC=CC(O)CC(O)=O,[O]([H])[C]([C]([H])([H])[C]([O][H])([C]([H])=[C]([H])[C]([H])([H])[C]([O][H])([C]([H])([H])[H])[H])[H])=[O],CC(O)CC=CC(O)CC(O)=O,True,True,'g_{850}',images/mod_mol137.svg,<rdkit.Chem.rdchem.Mol object at 0x7f2a0bc22300>,images/rdkit_mol137.svg,<indigo.IndigoObject object at 0x7f29fd4eef60>,images/indigo_mol137.svg,174.19599999999997,0.1491,43.69740000000001,77.75999999999999,3.0,3.0,5.0,26,25,8,4,14,12.0,11.0
"p_{0,133}",562,CC=CC=CC(O)CC(O)=O,[O]([H])[C]([C]([H])([H])[C]([O][H])([C]([H])=[C]([H])[C]([H])=[C]([H])[C]([H])([H])[H])[H])=[O],CC=CC=CC(O)CC(O)=O,True,True,'g_{851}',images/mod_mol138.svg,<rdkit.Chem.rdchem.Mol object at 0x7f2a0bc22350>,images/rdkit_mol138.svg,<indigo.IndigoObject object at 0x7f29fd4eef98>,images/indigo_mol138.svg,156.18099999999998,0.9543000000000001,42.21360000000001,57.53,2.0,2.0,4.0,23,22,8,3,12,11.0,10.0
"p_{0,134}",566,CCCC=CC(O)CC(O)=O,[O]([H])[C]([C]([H])([H])[C]([O][H])([C]([H])=[C]([H])[C]([H])([C]([H])([C]([H])([H])[H])[H])[H])[H])=[O],CCCC=CC(O)CC(O)=O,True,True,'g_{852}',images/mod_mol139.svg,<rdkit.Chem.rdchem.Mol object at 0x7f2a0bc223a0>,images/rdkit_mol139.svg,<indigo.IndigoObject object at 0x7f29fd4eefd0>,images/indigo_mol139.svg,158.19699999999997,1.1783000000000001,42.3076,57.53,2.0,2.0,5.0,25,24,8,3,14,11.0,10.0
"p_{0,135}",570,CC(CCCC(O)CC(O)=O)=O,[O]([H])[C]([C]([H])([H])[C]([O][H])([C]([H])([C]([H])([C]([H])([H])[C](=[O])[C]([H])([H])[H])[H])[H])[H])=[O],CC(CCCC(O)CC(O)=O)=O,True,True,'g_{853}',images/mod_mol140.svg,<rdkit.Chem.rdchem.Mol object at 0x7f2a0bc223f0>,images/rdkit_mol140.svg,<indigo.IndigoObject object at 0x7f29fd4f9048>,images/indigo_mol140.svg,174.196,0.5812999999999999,42.79160000000001,74.6,3.0,2.0,6.0,26,25,8,4,14,12.0,11.0
"p_{0,136}",574,CC(O)CCCC(O)CC(O)=O,[O]([H])[C]([C]([H])([H])[C]([O][H])([C]([H])([C]([H])([C]([H])([H])[C]([O][H])([C]([H])([H])[H])[H])[H])[H])[H])=[O],CC(O)CCCC(O)CC(O)=O,True,True,'g_{854}',images/mod_mol141.svg,<rdkit.Chem.rdchem.Mol object at 0x7f2a0bc22440>,images/rdkit_mol141.svg,<indigo.IndigoObject object at 0x7f29fd4f9080>,images/indigo_mol141.svg,176.212,0.3731,43.79140000000001,77.75999999999999,3.0,3.0,6.0,28,27,8,4,16,12.0,11.0
"p_{0,137}",578,CC=CCCC(O)CC(O)=O,[O]([H])[C]([C]([H])([H])[C]([O][H])([C]([H])([C]([H])([C]([H])=[C]([H])[C]([H])([H])[H])[H])[H])[H])=[O],CC=CCCC(O)CC(O)=O,True,True,'g_{855}',images/mod_mol142.svg,<rdkit.Chem.rdchem.Mol object at 0x7f2a0bc22490>,images/rdkit_mol142.svg,<indigo.IndigoObject object at 0x7f29fd4f90b8>,images/indigo_mol142.svg,158.197,1.1783000000000001,42.3076,57.53,2.0,2.0,5.0,25,24,8,3,14,11.0,10.0
"p_{0,138}",582,CCCCCC(O)CC(O)=O,[O]([H])[C]([C]([H])([H])[C]([O][H])([C]([H])([C]([H])([C]([H])([C]([H])([C]([H])([H])[H])[H])[H])[H])[H])[H])=[O],CCCCCC(O)CC(O)=O,True,True,'g_{856}',images/mod_mol143.svg,<rdkit.Chem.rdchem.Mol object at 0x7f2a0bc224e0>,images/rdkit_mol143.svg,<indigo.IndigoObject object at 0x7f29fd4f90f0>,images/indigo_mol143.svg,160.213,1.4023,42.4016,57.53,2.0,2.0,6.0,27,26,8,3,16,11.0,10.0
"p_{0,139}",586,CC(CC(CC=CC(O)=O)=O)=O,[O]([H])[C]([C]([H])=[C]([H])[C]([H])([H])[C](=[O])[C]([H])([H])[C](=[O])[C]([H])([H])[H])=[O],CC(CC(CC=CC(O)=O)=O)=O,True,True,'g_{857}',images/mod_mol144.svg,<rdkit.Chem.rdchem.Mol object at 0x7f2a0bc22530>,images/rdkit_mol144.svg,<indigo.IndigoObject object at 0x7f29fd4f9128>,images/indigo_mol144.svg,170.16399999999996,0.5654999999999999,41.69780000000001,71.44,3.0,1.0,5.0,22,21,8,4,10,12.0,11.0
"p_{0,140}",590,CC(O)CC(CC=CC(O)=O)=O,[O]([H])[C]([C]([H])=[C]([H])[C]([H])([H])[C](=[O])[C]([H])([H])[C]([O][H])([C]([H])([H])[H])[H])=[O],CC(O)CC(CC=CC(O)=O)=O,True,True,'g_{858}',images/mod_mol145.svg,<rdkit.Chem.rdchem.Mol object at 0x7f2a0bc22580>,images/rdkit_mol145.svg,<indigo.IndigoObject object at 0x7f29fd4f9160>,images/indigo_mol145.svg,172.17999999999998,0.3572999999999999,42.69760000000001,74.6,3.0,2.0,5.0,24,23,8,4,12,12.0,11.0
"p_{0,141}",594,CC=CC(CC=CC(O)=O)=O,[O]([H])[C]([C]([H])=[C]([H])[C]([H])([H])[C](=[O])[C]([H])=[C]([H])[C]([H])([H])[H])=[O],CC=CC(CC=CC(O)=O)=O,True,True,'g_{859}',images/mod_mol146.svg,<rdkit.Chem.rdchem.Mol object at 0x7f2a0bc225d0>,images/rdkit_mol146.svg,<indigo.IndigoObject object at 0x7f29fd4f9198>,images/indigo_mol146.svg,154.16499999999996,1.1625,41.213800000000006,54.37,2.0,1.0,4.0,21,20,8,3,10,11.0,10.0
"p_{0,142}",598,CCCC(CC=CC(O)=O)=O,[O]([H])[C]([C]([H])=[C]([H])[C]([H])([H])[C](=[O])[C]([H])([C]([H])([C]([H])([H])[H])[H])[H])=[O],CCCC(CC=CC(O)=O)=O,True,True,'g_{860}',images/mod_mol147.svg,<rdkit.Chem.rdchem.Mol object at 0x7f2a0bc22620>,images/rdkit_mol147.svg,<indigo.IndigoObject object at 0x7f29fd4f91d0>,images/indigo_mol147.svg,156.18099999999995,1.3865,41.30780000000001,54.37,2.0,1.0,5.0,23,22,8,3,12,11.0,10.0
"p_{0,143}",602,CC(CC(O)CC=CC(O)=O)=O,[O]([H])[C]([C]([H])=[C]([H])[C]([H])([H])[C]([O][H])([C]([H])([H])[C](=[O])[C]([H])([H])[H])[H])=[O],CC(CC(O)CC=CC(O)=O)=O,True,True,'g_{861}',images/mod_mol148.svg,<rdkit.Chem.rdchem.Mol object at 0x7f2a0bc22670>,images/rdkit_mol148.svg,<indigo.IndigoObject object at 0x7f29fd4f9208>,images/indigo_mol148.svg,172.17999999999998,0.35729999999999995,42.69760000000001,74.6,3.0,2.0,5.0,24,23,8,4,12,12.0,11.0
"p_{0,144}",606,CC(O)CC(O)CC=CC(O)=O,[O]([H])[C]([C]([H])=[C]([H])[C]([H])([H])[C]([O][H])([C]([H])([H])[C]([O][H])([C]([H])([H])[H])[H])[H])=[O],CC(O)CC(O)CC=CC(O)=O,True,True,'g_{862}',images/mod_mol149.svg,<rdkit.Chem.rdchem.Mol object at 0x7f2a0bc226c0>,images/rdkit_mol149.svg,<indigo.IndigoObject object at 0x7f29fd4f9240>,images/indigo_mol149.svg,174.196,0.14909999999999995,43.69740000000001,77.75999999999999,3.0,3.0,5.0,26,25,8,4,14,12.0,11.0
"p_{0,145}",610,CC=CC(O)CC=CC(O)=O,[O]([H])[C]([C]([H])=[C]([H])[C]([H])([H])[C]([O][H])([C]([H])=[C]([H])[C]([H])([H])[H])[H])=[O],CC=CC(O)CC=CC(O)=O,True,True,'g_{863}',images/mod_mol150.svg,<rdkit.Chem.rdchem.Mol object at 0x7f2a0bc22710>,images/rdkit_mol150.svg,<indigo.IndigoObject object at 0x7f29fd4f9278>,images/indigo_mol150.svg,156.18099999999998,0.9542999999999999,42.21360000000001,57.53,2.0,2.0,4.0,23,22,8,3,12,11.0,10.0
"p_{0,146}",614,CCCC(O)CC=CC(O)=O,[O]([H])[C]([C]([H])=[C]([H])[C]([H])([H])[C]([O][H])([C]([H])([C]([H])([C]([H])([H])[H])[H])[H])[H])=[O],CCCC(O)CC=CC(O)=O,True,True,'g_{864}',images/mod_mol151.svg,<rdkit.Chem.rdchem.Mol object at 0x7f2a0bc22760>,images/rdkit_mol151.svg,<indigo.IndigoObject object at 0x7f29fd4f92b0>,images/indigo_mol151.svg,158.19699999999997,1.1783,42.3076,57.53,2.0,2.0,5.0,25,24,8,3,14,11.0,10.0
"p_{0,147}",618,CC(CC=CC=CC(O)=O)=O,[O]([H])[C]([C]([H])=[C]([H])[C]([H])=[C]([H])[C]([H])([H])[C](=[O])[C]([H])([H])[H])=[O],CC(CC=CC=CC(O)=O)=O,True,True,'g_{865}',images/mod_mol152.svg,<rdkit.Chem.rdchem.Mol object at 0x7f2a0bc227b0>,images/rdkit_mol152.svg,<indigo.IndigoObject object at 0x7f29fd4f92e8>,images/indigo_mol152.svg,154.16499999999996,1.1624999999999999,41.213800000000006,54.37,2.0,1.0,4.0,21,20,8,3,10,11.0,10.0
"p_{0,148}",622,CC(O)CC=CC=CC(O)=O,[O]([H])[C]([C]([H])=[C]([H])[C]([H])=[C]([H])[C]([H])([H])[C]([O][H])([C]([H])([H])[H])[H])=[O],CC(O)CC=CC=CC(O)=O,True,True,'g_{866}',images/mod_mol153.svg,<rdkit.Chem.rdchem.Mol object at 0x7f2a0bc22800>,images/rdkit_mol153.svg,<indigo.IndigoObject object at 0x7f29fd4f9320>,images/indigo_mol153.svg,156.18099999999998,0.9542999999999999,42.21360000000001,57.53,2.0,2.0,4.0,23,22,8,3,12,11.0,10.0
"p_{0,149}",626,CC=CC=CC=CC(O)=O,[O]([H])[C]([C]([H])=[C]([H])[C]([H])=[C]([H])[C]([H])=[C]([H])[C]([H])([H])[H])=[O],CC=CC=CC=CC(O)=O,True,True,'g_{867}',images/mod_mol154.svg,<rdkit.Chem.rdchem.Mol object at 0x7f2a0bc22850>,images/rdkit_mol154.svg,<indigo.IndigoObject object at 0x7f29fd4f9358>,images/indigo_mol154.svg,138.16599999999997,1.7595,40.729800000000004,37.3,1.0,1.0,3.0,20,19,8,2,10,10.0,9.0
"p_{0,150}",630,CCCC=CC=CC(O)=O,[O]([H])[C]([C]([H])=[C]([H])[C]([H])=[C]([H])[C]([H])([C]([H])([C]([H])([H])[H])[H])[H])=[O],CCCC=CC=CC(O)=O,True,True,'g_{868}',images/mod_mol155.svg,<rdkit.Chem.rdchem.Mol object at 0x7f2a0bc228a0>,images/rdkit_mol155.svg,<indigo.IndigoObject object at 0x7f29fd4f9390>,images/indigo_mol155.svg,140.18199999999996,1.9835,40.823800000000006,37.3,1.0,1.0,4.0,22,21,8,2,12,10.0,9.0
"p_{0,151}",634,CC(CCCC=CC(O)=O)=O,[O]([H])[C]([C]([H])=[C]([H])[C]([H])([C]([H])([C]([H])([H])[C](=[O])[C]([H])([H])[H])[H])[H])=[O],CC(CCCC=CC(O)=O)=O,True,True,'g_{869}',images/mod_mol156.svg,<rdkit.Chem.rdchem.Mol object at 0x7f2a0bc228f0>,images/rdkit_mol156.svg,<indigo.IndigoObject object at 0x7f29fd4f93c8>,images/indigo_mol156.svg,156.18099999999998,1.3865,41.30780000000001,54.37,2.0,1.0,5.0,23,22,8,3,12,11.0,10.0
"p_{0,152}",638,CC(O)CCCC=CC(O)=O,[O]([H])[C]([C]([H])=[C]([H])[C]([H])([C]([H])([C]([H])([H])[C]([O][H])([C]([H])([H])[H])[H])[H])[H])=[O],CC(O)CCCC=CC(O)=O,True,True,'g_{870}',images/mod_mol157.svg,<rdkit.Chem.rdchem.Mol object at 0x7f2a0bc22940>,images/rdkit_mol157.svg,<indigo.IndigoObject object at 0x7f29fd4f9400>,images/indigo_mol157.svg,158.197,1.1783,42.30760000000001,57.53,2.0,2.0,5.0,25,24,8,3,14,11.0,10.0
"p_{0,153}",642,CC=CCCC=CC(O)=O,[O]([H])[C]([C]([H])=[C]([H])[C]([H])([C]([H])([C]([H])=[C]([H])[C]([H])([H])[H])[H])[H])=[O],CC=CCCC=CC(O)=O,True,True,'g_{871}',images/mod_mol158.svg,<rdkit.Chem.rdchem.Mol object at 0x7f2a0bc22990>,images/rdkit_mol158.svg,<indigo.IndigoObject object at 0x7f29fd4f9438>,images/indigo_mol158.svg,140.182,1.9835,40.823800000000006,37.3,1.0,1.0,4.0,22,21,8,2,12,10.0,9.0
"p_{0,154}",646,CCCCCC=CC(O)=O,[O]([H])[C]([C]([H])=[C]([H])[C]([H])([C]([H])([C]([H])([C]([H])([C]([H])([H])[H])[H])[H])[H])[H])=[O],CCCCCC=CC(O)=O,True,True,'g_{872}',images/mod_mol159.svg,<rdkit.Chem.rdchem.Mol object at 0x7f2a0bc229e0>,images/rdkit_mol159.svg,<indigo.IndigoObject object at 0x7f29fd4f9470>,images/indigo_mol159.svg,142.19799999999998,2.2075,40.9178,37.3,1.0,1.0,5.0,24,23,8,2,14,10.0,9.0
"p_{0,155}",650,CC(CC(CCCC(O)=O)=O)=O,[O]([H])[C]([C]([H])([C]([H])([C]([H])([H])[C](=[O])[C]([H])([H])[C](=[O])[C]([H])([H])[H])[H])[H])=[O],CC(CC(CCCC(O)=O)=O)=O,True,True,'g_{873}',images/mod_mol160.svg,<rdkit.Chem.rdchem.Mol object at 0x7f2a0bc22a30>,images/rdkit_mol160.svg,<indigo.IndigoObject object at 0x7f29fd4f94a8>,images/indigo_mol160.svg,172.17999999999998,0.7894999999999999,41.79180000000001,71.44,3.0,1.0,6.0,24,23,8,4,12,12.0,11.0
"p_{0,156}",654,CC(O)CC(CCCC(O)=O)=O,[O]([H])[C]([C]([H])([C]([H])([C]([H])([H])[C](=[O])[C]([H])([H])[C]([O][H])([C]([H])([H])[H])[H])[H])[H])=[O],CC(O)CC(CCCC(O)=O)=O,True,True,'g_{874}',images/mod_mol161.svg,<rdkit.Chem.rdchem.Mol object at 0x7f2a0bc22a80>,images/rdkit_mol161.svg,<indigo.IndigoObject object at 0x7f29fd4f94e0>,images/indigo_mol161.svg,174.196,0.5812999999999999,42.79160000000001,74.6,3.0,2.0,6.0,26,25,8,4,14,12.0,11.0
"p_{0,157}",658,CC=CC(CCCC(O)=O)=O,[O]([H])[C]([C]([H])([C]([H])([C]([H])([H])[C](=[O])[C]([H])=[C]([H])[C]([H])([H])[H])[H])[H])=[O],CC=CC(CCCC(O)=O)=O,True,True,'g_{875}',images/mod_mol162.svg,<rdkit.Chem.rdchem.Mol object at 0x7f2a0bc22ad0>,images/rdkit_mol162.svg,<indigo.IndigoObject object at 0x7f29fd4f9518>,images/indigo_mol162.svg,156.18099999999998,1.3865,41.30780000000001,54.37,2.0,1.0,5.0,23,22,8,3,12,11.0,10.0
"p_{0,158}",662,CCCC(CCCC(O)=O)=O,[O]([H])[C]([C]([H])([C]([H])([C]([H])([H])[C](=[O])[C]([H])([C]([H])([C]([H])([H])[H])[H])[H])[H])[H])=[O],CCCC(CCCC(O)=O)=O,True,True,'g_{876}',images/mod_mol163.svg,<rdkit.Chem.rdchem.Mol object at 0x7f2a0bc22b20>,images/rdkit_mol163.svg,<indigo.IndigoObject object at 0x7f29fd4f9550>,images/indigo_mol163.svg,158.19699999999997,1.6105,41.4018,54.37,2.0,1.0,6.0,25,24,8,3,14,11.0,10.0
"p_{0,159}",666,CC(CC(O)CCCC(O)=O)=O,[O]([H])[C]([C]([H])([C]([H])([C]([H])([H])[C]([O][H])([C]([H])([H])[C](=[O])[C]([H])([H])[H])[H])[H])[H])=[O],CC(CC(O)CCCC(O)=O)=O,True,True,'g_{877}',images/mod_mol164.svg,<rdkit.Chem.rdchem.Mol object at 0x7f2a0bc22b70>,images/rdkit_mol164.svg,<indigo.IndigoObject object at 0x7f29fd4f9588>,images/indigo_mol164.svg,174.196,0.5812999999999999,42.79160000000001,74.6,3.0,2.0,6.0,26,25,8,4,14,12.0,11.0
"p_{0,160}",670,CC(O)CC(O)CCCC(O)=O,[O]([H])[C]([C]([H])([C]([H])([C]([H])([H])[C]([O][H])([C]([H])([H])[C]([O][H])([C]([H])([H])[H])[H])[H])[H])[H])=[O],CC(O)CC(O)CCCC(O)=O,True,True,'g_{878}',images/mod_mol165.svg,<rdkit.Chem.rdchem.Mol object at 0x7f2a0bc22bc0>,images/rdkit_mol165.svg,<indigo.IndigoObject object at 0x7f29fd4f95c0>,images/indigo_mol165.svg,176.212,0.37309999999999993,43.79140000000001,77.75999999999999,3.0,3.0,6.0,28,27,8,4,16,12.0,11.0
"p_{0,161}",674,CC=CC(O)CCCC(O)=O,[O]([H])[C]([C]([H])([C]([H])([C]([H])([H])[C]([O][H])([C]([H])=[C]([H])[C]([H])([H])[H])[H])[H])[H])=[O],CC=CC(O)CCCC(O)=O,True,True,'g_{879}',images/mod_mol166.svg,<rdkit.Chem.rdchem.Mol object at 0x7f2a0bc22c10>,images/rdkit_mol166.svg,<indigo.IndigoObject object at 0x7f29fd4f95f8>,images/indigo_mol166.svg,158.197,1.1783000000000001,42.30760000000001,57.53,2.0,2.0,5.0,25,24,8,3,14,11.0,10.0
"p_{0,162}",678,CCCC(O)CCCC(O)=O,[O]([H])[C]([C]([H])([C]([H])([C]([H])([H])[C]([O][H])([C]([H])([C]([H])([C]([H])([H])[H])[H])[H])[H])[H])[H])=[O],CCCC(O)CCCC(O)=O,True,True,'g_{880}',images/mod_mol167.svg,<rdkit.Chem.rdchem.Mol object at 0x7f2a0bc22c60>,images/rdkit_mol167.svg,<indigo.IndigoObject object at 0x7f29fd4f9630>,images/indigo_mol167.svg,160.213,1.4023,42.4016,57.53,2.0,2.0,6.0,27,26,8,3,16,11.0,10.0
"p_{0,163}",682,CC(CC=CCCC(O)=O)=O,[O]([H])[C]([C]([H])([C]([H])([C]([H])=[C]([H])[C]([H])([H])[C](=[O])[C]([H])([H])[H])[H])[H])=[O],CC(CC=CCCC(O)=O)=O,True,True,'g_{881}',images/mod_mol168.svg,<rdkit.Chem.rdchem.Mol object at 0x7f2a0bc22cb0>,images/rdkit_mol168.svg,<indigo.IndigoObject object at 0x7f29fd4f9668>,images/indigo_mol168.svg,156.18099999999998,1.3865,41.30780000000001,54.37,2.0,1.0,5.0,23,22,8,3,12,11.0,10.0
"p_{0,164}",686,CC(O)CC=CCCC(O)=O,[O]([H])[C]([C]([H])([C]([H])([C]([H])=[C]([H])[C]([H])([H])[C]([O][H])([C]([H])([H])[H])[H])[H])[H])=[O],CC(O)CC=CCCC(O)=O,True,True,'g_{882}',images/mod_mol169.svg,<rdkit.Chem.rdchem.Mol object at 0x7f2a0bc22d00>,images/rdkit_mol169.svg,<indigo.IndigoObject object at 0x7f29fd4f96a0>,images/indigo_mol169.svg,158.197,1.1783,42.307600000000015,57.53,2.0,2.0,5.0,25,24,8,3,14,11.0,10.0
"p_{0,165}",690,CC=CC=CCCC(O)=O,[O]([H])[C]([C]([H])([C]([H])([C]([H])=[C]([H])[C]([H])=[C]([H])[C]([H])([H])[H])[H])[H])=[O],CC=CC=CCCC(O)=O,True,True,'g_{883}',images/mod_mol170.svg,<rdkit.Chem.rdchem.Mol object at 0x7f2a0bc22d50>,images/rdkit_mol170.svg,<indigo.IndigoObject object at 0x7f29fd4f96d8>,images/indigo_mol170.svg,140.182,1.9835000000000003,40.823800000000006,37.3,1.0,1.0,4.0,22,21,8,2,12,10.0,9.0
"p_{0,166}",694,CCCC=CCCC(O)=O,[O]([H])[C]([C]([H])([C]([H])([C]([H])=[C]([H])[C]([H])([C]([H])([C]([H])([H])[H])[H])[H])[H])[H])=[O],CCCC=CCCC(O)=O,True,True,'g_{884}',images/mod_mol171.svg,<rdkit.Chem.rdchem.Mol object at 0x7f2a0bc22da0>,images/rdkit_mol171.svg,<indigo.IndigoObject object at 0x7f29fd4f9710>,images/indigo_mol171.svg,142.19799999999998,2.2075,40.91780000000001,37.3,1.0,1.0,5.0,24,23,8,2,14,10.0,9.0
"p_{0,167}",698,CC(CCCCCC(O)=O)=O,[O]([H])[C]([C]([H])([C]([H])([C]([H])([C]([H])([C]([H])([H])[C](=[O])[C]([H])([H])[H])[H])[H])[H])[H])=[O],CC(CCCCCC(O)=O)=O,True,True,'g_{885}',images/mod_mol172.svg,<rdkit.Chem.rdchem.Mol object at 0x7f2a0bc22df0>,images/rdkit_mol172.svg,<indigo.IndigoObject object at 0x7f29fd4f9748>,images/indigo_mol172.svg,158.197,1.6105,41.4018,54.37,2.0,1.0,6.0,25,24,8,3,14,11.0,10.0
"p_{0,168}",702,CC(O)CCCCCC(O)=O,[O]([H])[C]([C]([H])([C]([H])([C]([H])([C]([H])([C]([H])([H])[C]([O][H])([C]([H])([H])[H])[H])[H])[H])[H])[H])=[O],CC(O)CCCCCC(O)=O,True,True,'g_{886}',images/mod_mol173.svg,<rdkit.Chem.rdchem.Mol object at 0x7f2a0bc22e40>,images/rdkit_mol173.svg,<indigo.IndigoObject object at 0x7f29fd4f9780>,images/indigo_mol173.svg,160.21300000000002,1.4023,42.40160000000001,57.53,2.0,2.0,6.0,27,26,8,3,16,11.0,10.0
"p_{0,169}",706,CC=CCCCCC(O)=O,[O]([H])[C]([C]([H])([C]([H])([C]([H])([C]([H])([C]([H])=[C]([H])[C]([H])([H])[H])[H])[H])[H])[H])=[O],CC=CCCCCC(O)=O,True,True,'g_{887}',images/mod_mol174.svg,<rdkit.Chem.rdchem.Mol object at 0x7f2a0bc22e90>,images/rdkit_mol174.svg,<indigo.IndigoObject object at 0x7f29fd4f97b8>,images/indigo_mol174.svg,142.198,2.2075,40.91780000000001,37.3,1.0,1.0,5.0,24,23,8,2,14,10.0,9.0
"p_{0,170}",710,CCCCCCCC(O)=O,[O]([H])[C]([C]([H])([C]([H])([C]([H])([C]([H])([C]([H])([C]([H])([C]([H])([H])[H])[H])[H])[H])[H])[H])[H])=[O],CCCCCCCC(O)=O,True,True,'g_{888}',images/mod_mol175.svg,<rdkit.Chem.rdchem.Mol object at 0x7f2a0bc22ee0>,images/rdkit_mol175.svg,<indigo.IndigoObject object at 0x7f29fd4f97f0>,images/indigo_mol175.svg,144.214,2.4315000000000007,41.0118,37.3,1.0,1.0,6.0,26,25,8,2,16,10.0,9.0
